Species,Time,Treatment,kiaa0586,actr6,asb5,sp7,capn1,gnmt,cdc20,ptch1,notch1a,opg,rankl,rankl_opg,,,
MG,1wk,Benthic,2.32E-05,0.002179826,0.010010594,0.000664125,0.014957609,0.009529224,4.81E-06,0.001302515,0.000179485,0.00139971,0.007437406,5.224318821,,,
MG,1wk,Benthic,3.64E-05,0.002487422,0.007753739,0.000910372,0.015504107,0.009934603,5.59E-06,0.00157727,0.000177297,0.001462548,0.007774572,29.65736903,,,
MG,1wk,Benthic,3.93E-05,0.002428792,0.009867328,0.000895495,0.015424273,0.010299069,7.17E-06,0.001619585,0.000157507,0.001523998,0.007686515,4.904061858,,,
MG,1wk,Benthic,3.46E-05,0.007037922,0.001595248,0.000590591,0.036894196,0.013661672,3.07E-05,0.00124044,0.001436228,0.000516422,0.018185866,15.38883829,,,
MG,1wk,Benthic,3.54E-05,0.006802789,0.001174019,0.000606928,0.034302162,0.013996749,3.49E-05,0.003704169,0.001177454,0.000665407,0.018982044,40.8863889,,,
MG,1wk,Benthic,4.21E-05,0.006417428,0.00082411,0.000601456,0.037609505,0.013073948,2.82E-05,0.002655643,0.001251757,0.000606333,0.015297774,9.358262511,,,
MG,1wk,Benthic,7.24E-05,0.043492191,0.011232934,0.002608707,0.193477514,0.108901337,6.71E-06,0.017370687,0.000601087,0.007645024,0.049156101,26.27416724,,,
MG,1wk,Benthic,1.04E-04,0.045339738,0.01164841,0.003023451,0.18814388,0.124449619,3.05E-05,0.019098772,0.000651705,0.008533353,0.028828287,,,,
MG,1wk,Benthic,6.86E-05,0.047867152,0.010102031,0.003060896,0.180249947,0.119563287,6.68E-06,0.019121995,0.000994214,0.008171677,0.016832266,,,,
MG,1wk,Benthic,3.13E-05,0.005987939,0.020864952,0.00063816,0.030353185,0.013551183,0.000049502,0.003189199,0.001536094,0.001077263,0.016681416,,,,
MG,1wk,Benthic,3.26E-05,0.005872951,0.020625749,0.00066172,0.032037932,0.013008151,2.75E-05,0.003528664,0.00153022,0.001075986,0.014597186,,,,
MG,1wk,Benthic,2.34E-05,0.006001663,0.021655355,0.000687213,0.019432506,0.013906056,3.68E-05,0.003749379,0.000729407,0.00097068,0.035810327,,,,
MG,1wk,Benthic,3.66E-05,0.01469463,0.010789686,0.000499989,0.04310027,0.031144942,2.74E-05,0.006587411,0.001133063,0.000847911,0.032800247,,,,
MG,1wk,Benthic,5.14E-05,0.015977945,0.012633381,0.000773461,0.041459118,0.030991806,1.66E-05,0.00812506,0.000758469,0.000759349,0.029178168,,,,
MG,1wk,Benthic,3.51E-05,0.015955225,0.011129972,0.00079664,0.040946372,0.032822105,2.43E-05,0.007918409,0.000391969,0.000783719,0.142140141,,,,
MG,1wk,Benthic,0.000289275,0.072921291,0.01760996,0.004208407,0.342426846,0.211681962,3.15E-05,0.031990521,0.002927692,0.015110609,0.136846895,,,,
MG,1wk,Benthic,0.000174966,0.075001046,0.017479677,0.005064494,0.390255647,0.224629757,5.14E-05,0.037440364,0.002404304,0.013861998,0.133714411,,,,
MG,1wk,Benthic,0.000213037,0.078156847,0.014871341,0.004500686,0.386660529,0.219494201,4.20E-05,0.037151299,0.002184088,0.015201639,0.081626725,,,,
MG,1wk,Benthic,4.72E-05,0.03852692,,0.000823111,0.213263091,0.103064428,5.86E-05,0.014608976,0.001962986,0.004496046,0.074851637,,,,
MG,1wk,Benthic,6.29E-05,0.03900887,,0.001234913,0.210418959,0.102253926,0.000044192,0.016698232,0.001689759,0.001687546,0.071606596,,,,
MG,1wk,Benthic,3.80E-05,0.038864472,,0.001040366,0.095409075,0.105709816,4.10E-05,0.018153031,0.001241705,0.004389818,,,,,
MG,1wk,Pelagic,0.000253239,0.712025574,0.001675672,,0.315498079,0.00996309,9.40E-05,0.002689646,0.007835176,0.00213755,0.136294771,4.946456905,,,
MG,1wk,Pelagic,0.000104536,0.803605829,0.001531767,,0.279916332,0.015141325,0.000117482,0.003745327,0.005751197,0.001951679,0.086456334,5.693058346,,,
MG,1wk,Pelagic,0.00049946,0.787914812,0.000927408,,0.092031883,0.015203469,5.21E-05,0.003432981,0.003518095,0.002012405,0.010172365,4.919588858,,,
MG,1wk,Pelagic,0.000164312,0.002982409,0.019310128,0.001131127,0.027179082,0.023831239,0.000169811,0.005644393,0.003875503,0.003272285,0.010180202,12.10739005,,,
MG,1wk,Pelagic,0.000151923,0.003053289,0.015176179,0.001210517,0.025547154,0.023145471,0.000155875,0.005309124,0.002458683,0.003470347,0.009789053,36.84926471,,,
MG,1wk,Pelagic,0.000162172,0.003240408,0.013789119,0.001263645,0.026370798,0.024806798,6.36E-05,0.005742915,0.00418175,0.003573858,0.019964106,,,,
MG,1wk,Pelagic,6.13E-05,0.006784143,0.024317993,0.001773549,0.029115456,0.030620124,0.000366067,0.274462638,0.004198529,0.004602704,0.020223693,,,,
MG,1wk,Pelagic,8.47E-05,0.006623576,0.023585054,0.001994448,0.027640209,0.03143675,0.000261092,0.284260352,0.001807375,0.004673522,0.018407647,,,,
MG,1wk,Pelagic,0.000103064,0.00669327,0.019002203,0.002068901,0.022016953,0.032677722,9.73E-05,0.282610881,0.00771528,0.004395232,0.171405682,,,,
MG,1wk,Pelagic,0.000165223,0.39151416,0.006164331,0.010028995,0.63397954,0.1220011,7.67E-05,0.005939986,0.007290242,0.01029204,0.17545825,,,,
MG,1wk,Pelagic,0.000109196,0.393772799,0.005750432,0.014310223,0.523788237,0.128394786,4.99E-05,0.005894915,0.00393945,0.009620096,0.099373478,,,,
MG,1wk,Pelagic,8.49E-05,0.416475928,0.003867243,0.01505256,0.353875913,0.130851906,8.28E-05,0.006448777,0.002138585,0.009333369,0.021300432,,,,
MG,1wk,Pelagic,5.04E-05,0.006529964,0.020174107,0.002571425,0.060611224,0.25720033,6.74E-05,0.031440634,0.002110141,0.010616955,0.023693452,,,,
MG,1wk,Pelagic,4.68E-05,0.006565544,0.020053396,0.002896201,0.065530073,0.267201109,4.84E-05,0.033366514,0.000924764,0.010173941,0.022245312,,,,
MG,1wk,Pelagic,0.000110133,0.006689245,0.015532755,0.002891945,0.054908887,0.26043208,0.000166244,0.032279512,0.005052959,0.011349188,0.112288935,,,,
MG,1wk,Pelagic,,0.042895821,0.135617742,0.002486379,0.345684259,,0.000423533,0.089254727,0.00451834,,0.128545168,,,,
MG,1wk,Pelagic,,0.04579681,0.098359601,0.003099015,0.354841153,,,0.094598004,0.002498345,,0.112464755,,,,
MG,1wk,Pelagic,,0.049273317,0.074801348,0.002666959,0.298698815,,,0.095438595,0.033972591,,0.375671755,,,,
MG,1wk,Pelagic,,0.141341901,0.493660159,0.004192625,0.812387242,,,,0.034667803,,0.401753955,,,,
MG,1wk,Pelagic,,0.139409268,0.50060633,0.004345685,0.851670251,,,,0.01735376,,0.404883796,,,,
MG,1wk,Pelagic,,0.147903556,0.450720169,0.003961307,0.785968663,,,,,,,,,,
MG,2wk,Benthic,2.90E-05,0.007448222,0.004542154,0.000485841,0.011073875,0.023881148,2.36E-05,0.006283083,0.002865154,0.000913427,0.010792618,10.52982347,,,
MG,2wk,Benthic,7.14E-05,0.008779295,0.0060218,0.000603076,0.018424612,0.033797557,1.85E-05,0.008035776,0.00260011,0.001061223,0.01071784,40.84454592,,,
MG,2wk,Benthic,0.000132342,0.008762394,0.006854379,0.000601053,0.011771972,0.035550222,1.77E-05,0.00857551,0.002187732,0.000526705,0.009896958,37.91493197,,,
MG,2wk,Benthic,5.46E-05,0.016852333,0.016853053,0.000442144,0.021527899,0.044570473,0.000364929,0.016793194,0.018109668,0.000619853,0.022988161,13.71921413,,,
MG,2wk,Benthic,8.32E-05,0.019446897,0.015250429,0.000611875,0.020471054,0.06031606,0.000240341,0.020253388,0.02065905,0.0005951,0.0238892,20.53735296,,,
MG,2wk,Benthic,8.28E-05,0.01923924,0.016685136,0.000565896,0.026419342,0.058261116,0.000396703,0.013021048,0.017656574,0.000852116,0.024011319,40.70485661,,,
MG,2wk,Benthic,4.08E-05,0.036611213,0.026020704,0.000783903,0.056397578,0.051488344,2.58E-05,0.019109416,0.002178401,0.000824915,0.03195392,,,,
MG,2wk,Benthic,4.85E-05,0.037924215,0.018516817,0.000867449,0.057652064,0.053290328,2.00E-05,0.026942799,0.002530854,0.000864115,0.032375875,,,,
MG,2wk,Benthic,3.99E-05,0.038498882,0.024404741,0.00091934,0.05591218,0.064084103,3.18E-05,0.026306571,0.001939398,0.002572964,0.031970341,,,,
MG,2wk,Benthic,0.00018167,0.039729534,0.000950403,0.001777087,0.062165276,0.071369634,0.000254779,0.033209898,0.037623424,0.002556423,0.035530403,,,,
MG,2wk,Benthic,0.000462439,0.044201223,0.000850584,0.001801653,0.066611722,0.067351167,0.000222279,0.037682922,0.017499324,0.002544586,0.035938585,,,,
MG,2wk,Benthic,0.00049727,0.044070541,0.000924313,0.001860066,0.0585171,0.06968619,0.00028136,0.038098764,0.029275243,0.002215323,0.033818452,,,,
MG,2wk,Benthic,5.25E-05,0.042422264,0.030261417,0.002074817,0.073320377,0.081988798,0.000042536,0.040130366,0.035657448,0.002210927,0.043546387,,,,
MG,2wk,Benthic,8.22E-05,0.053043041,0.02867001,0.002097854,0.070288452,0.092838995,2.27E-05,0.051877656,0.03802489,0.002045369,0.045474284,,,,
MG,2wk,Benthic,0.000129613,0.054551331,0.026779235,0.002142393,0.102279329,0.098811607,1.31E-05,0.028363608,0.057019393,0.001943089,0.043744673,,,,
MG,2wk,Benthic,8.09E-05,0.121343358,0.12113165,0.001240594,0.121113761,0.164279485,0.000238073,0.065029503,0.032390097,0.001830335,0.072218862,,,,
MG,2wk,Benthic,7.31E-05,0.120826306,0.128396869,0.001030532,0.11801169,0.185866158,0.000287993,0.087277657,0.051144986,0.001980037,0.083703665,,,,
MG,2wk,Benthic,5.78E-05,0.127876259,0.123262741,0.001070774,0.127207367,0.148728771,0.000149468,0.100600756,,,0.077649506,,,,
MG,2wk,Pelagic,0.000163939,0.008861697,0.009883819,0.000874421,0.027929323,0.029582989,0.000125125,0.007485243,0.001032692,0.001298032,0.01062497,8.166625723,,,
MG,2wk,Pelagic,0.000220145,0.010433431,0.012193567,0.000890553,0.027533921,0.03153534,0.000102786,0.006410384,0.000877657,0.001399152,0.011361484,23.85936418,,,
MG,2wk,Pelagic,0.000184253,0.008489032,0.006380435,0.000895809,0.023109066,0.030972522,8.58E-05,0.007138881,0.003934924,0.001226775,0.010052395,5.766332036,,,
MG,2wk,Pelagic,0.000159475,0.012736947,0.007159773,0.000979125,0.01434492,0.045488195,4.24E-05,0.010770746,0.003529685,0.000615047,0.011891564,5.084010469,,,
MG,2wk,Pelagic,0.000144085,0.01267011,0.007748956,0.000998093,0.014075004,0.049302184,3.90E-05,0.012117738,0.001687203,0.00057064,0.01206469,6.554438863,,,
MG,2wk,Pelagic,0.000134624,0.012809528,0.005854956,0.000973293,0.012817792,0.054743411,0.000207081,0.012471267,0.001225164,0.000294558,0.009161144,18.75647629,,,
MG,2wk,Pelagic,4.61E-05,0.008380341,0.004316128,0.001007417,0.016312058,0.030893932,0.000243525,0.008117164,0.001550262,0.001262353,0.007075858,,,,
MG,2wk,Pelagic,4.20E-05,0.008343143,0.004841184,0.000925764,0.017079719,0.031730025,0.00011575,0.008962265,0.001174245,0.001244458,0.007333353,,,,
MG,2wk,Pelagic,4.93E-05,0.00857794,0.003401088,0.001027813,0.01299632,0.035556287,4.51E-05,0.009119283,0.000628377,0.001235408,0.007166467,,,,
MG,2wk,Pelagic,5.75E-05,0.006050612,0.003805698,0.000798126,0.004917718,0.02325076,6.92E-05,0.007972524,0.001866253,0.000949492,0.004735651,,,,
MG,2wk,Pelagic,4.60E-05,0.006687652,0.003579609,0.000826335,0.006387465,0.031400087,3.43E-06,0.009707843,0.002209806,0.000976118,0.005241153,,,,
MG,2wk,Pelagic,7.02E-05,0.007030734,0.002254389,0.000927112,0.004559397,0.036083207,4.11E-06,0.008791454,0.0010204,0.001009284,0.00494053,,,,
MG,2wk,Pelagic,3.72E-05,0.014696124,0.000208651,0.001572927,0.026669325,0.060356978,,0.017404251,0.032557016,0.002150863,0.01390916,,,,
MG,2wk,Pelagic,4.07E-05,0.014408649,0.000234356,0.00126163,0.027523992,0.069336591,,0.018418809,0.037211476,0.002140919,0.014352694,,,,
MG,2wk,Pelagic,7.82E-05,0.014887539,0.000168484,0.001289351,0.022140238,0.146304336,,0.066478825,0.014698178,0.002029896,0.013179199,,,,
MG,2wk,Pelagic,1.50E-05,0.07708132,0.073703713,0.001256134,0.073654336,0.207977774,,0.07286613,,0.002788672,0.058688639,,,,
MG,2wk,Pelagic,1.00E-04,0.077732322,0.069507045,0.001047118,0.051144905,0.218875689,,0.068961954,,0.002907045,0.0541567,,,,
MG,2wk,Pelagic,5.72E-05,0.077793258,0.045018382,0.001445897,0.062972466,,,,,0.003262344,0.054137254,,,,
MG,4wk,Benthic,9.93E-06,0.000722065,0.000803048,0.000691133,2.58E-05,0.00098408,1.83E-05,0.000756994,0.001069402,0.000286257,0.000167135,0.557296373,,,
MG,4wk,Benthic,1.04E-05,0.000805513,0.000887527,0.00069306,3.71E-05,0.001144795,1.89E-05,0.000799757,0.000997973,0.000280027,0.00015032,0.616114299,,,
MG,4wk,Benthic,1.33E-05,0.000737743,0.000782907,0.000692433,3.76E-05,0.001463375,1.08E-05,0.000816482,0.001092137,0.000270963,0.00014936,0.79437491,,,
MG,4wk,Benthic,1.73E-05,0.000616367,2.78E-05,0.000351497,7.31E-06,0.002827464,2.73E-05,0.003345125,0.003591834,0.000489703,0.000323866,0.353464271,,,
MG,4wk,Benthic,3.18E-05,0.003238585,2.33E-05,0.000397834,2.96E-06,0.004081346,1.15E-05,0.004166054,0.001251145,0.000597417,0.00041696,0.436378357,,,
MG,4wk,Benthic,4.51E-05,0.002116104,0.00019487,0.000912359,2.47E-06,0.004345291,1.19E-05,0.003764355,0.001894522,0.000910726,0.000445392,0.369957861,,,
MG,4wk,Benthic,7.34E-06,0.000944795,0.000743066,0.000298766,9.79E-05,0.001741697,2.00E-05,0.000924105,0.000383717,0.000327973,0.000255532,,,,
MG,4wk,Benthic,1.20E-05,0.001070024,0.000751779,0.00038122,0.000104429,0.001681734,2.72E-05,0.000972697,0.000217807,0.000340048,0.000273902,,,,
MG,4wk,Benthic,1.07E-05,0.0011147,0.000548198,0.000386909,9.01E-05,0.001561609,0.000015237,0.00103606,0.00038395,0.000337384,0.000269407,,,,
MG,4wk,Benthic,1.85E-05,0.001150238,0.000582392,0.000386192,5.06E-05,0.001866865,5.62E-06,0.000989475,0.000737681,0.000513721,0.000189583,,,,
MG,4wk,Benthic,1.57E-05,0.000991163,0.000696283,0.000396565,5.02E-05,0.002318084,5.79E-06,0.001029302,0.000574899,0.000510226,0.000182145,,,,
MG,4wk,Benthic,1.01E-05,0.001083452,0.00061187,0.000386732,4.52E-05,0.002293501,3.39E-06,0.000974311,0.000728699,0.000527874,0.000176502,,,,
MG,4wk,Benthic,7.29E-06,0.000494154,0.000134953,0.000200437,2.56E-06,0.002320489,4.04E-05,0.000528354,0.000160291,0.000366421,0.000122482,,,,
MG,4wk,Benthic,9.82E-06,0.000551678,0.000430575,0.000218282,5.04E-06,0.002262303,2.89E-05,0.000560832,0.000125578,0.000191549,0.00012264,,,,
MG,4wk,Benthic,6.57E-06,0.00053954,0.000354568,0.000187581,9.44E-07,0.002360419,3.61E-05,0.000642363,0.000131073,0.000335241,0.000112178,,,,
MG,4wk,Benthic,1.09E-05,0.000409393,0.000803119,0.000249552,8.29E-06,0.001227601,8.27E-06,0.000350375,0.000382109,0.000336069,0.000111982,,,,
MG,4wk,Benthic,1.64E-05,0.000420023,0.000737592,0.000274831,5.01E-06,0.00112246,6.29E-06,0.000449414,0.000350845,0.000330659,0.000127855,,,,
MG,4wk,Benthic,9.88E-06,0.000434316,0.000735986,0.000239791,8.69E-06,0.001198642,4.16E-06,0.000452703,0.000159532,0.000350887,0.000136844,,,,
MG,4wk,Benthic,6.54E-06,0.000457279,0.000422273,0.000201426,2.52E-05,0.002139558,,,,,,,,,
MG,4wk,Benthic,1.22E-05,0.000444813,0.000447274,0.000161246,1.39E-05,0.001929909,,,,,,,,,
MG,4wk,Benthic,1.08E-05,0.000443102,0.000379224,0.000175255,1.60E-05,0.00238364,,,,,,,,,
MG,4wk,Pelagic,1.80E-05,0.000688665,0.000390501,0.001042415,0.000149004,0.001675644,1.48E-05,0.000559639,0.0004375,0.00033586,0.000115257,0.354249999,,,
MG,4wk,Pelagic,2.02E-05,0.000747373,0.00035476,0.001081905,0.000147917,0.001634535,1.82E-05,0.000564387,0.000388828,0.00037642,0.000162622,0.403176865,,,
MG,4wk,Pelagic,1.34E-05,0.000716685,0.000290239,0.001256659,0.00010771,0.001795351,8.25E-06,0.000527488,0.000412616,0.000390522,0.000112297,0.834307966,,,
MG,4wk,Pelagic,7.90E-06,0.000676583,0.000151994,0.000309667,1.25E-06,0.001066042,1.37E-05,0.000307651,0.000320207,0.000367445,0.000157875,0.739761087,,,
MG,4wk,Pelagic,8.61E-06,0.000695127,0.000111418,0.000402039,1.45E-06,0.001361967,7.86E-06,0.000360042,0.00028251,0.00041084,0.000158054,0.487538507,,,
MG,4wk,Pelagic,6.81E-06,0.000573867,6.08E-05,0.00030729,2.93E-06,0.0014035,4.70E-06,0.000347556,0.000191704,0.000395818,0.000156413,,,,
MG,4wk,Pelagic,9.82E-06,0.000719134,0.000649035,0.000431751,3.33E-06,0.002151695,4.49E-06,0.00037805,0.000257075,0.000235546,0.000203448,,,,
MG,4wk,Pelagic,1.00E-05,0.000522345,0.000473897,0.000444121,5.84E-06,0.00200062,6.06E-06,0.000317977,0.000351384,0.00025823,0.00022188,,,,
MG,4wk,Pelagic,9.51E-06,0.000666019,0.000278433,0.000489956,3.46E-06,0.002776374,2.86E-06,0.000405818,0.000351097,0.000264425,0.000206241,,,,
MG,4wk,Pelagic,6.04E-06,0.000393387,0.000104982,0.000271782,0.000125798,0.003734266,,0.000211179,0.000420227,0.000341097,0.000275372,,,,
MG,4wk,Pelagic,1.56E-06,0.000385149,8.75E-05,0.000296639,0.000119692,0.004209818,,0.000289765,0.000624321,0.000416015,0.000324984,,,,
MG,4wk,Pelagic,,0.000448957,5.82E-05,0.000321419,0.000101322,0.004275441,,0.000198477,0.000285194,0.000406255,0.000256261,,,,
MG,4wk,Pelagic,,0.000495946,0.001342544,0.000770038,0,0.008416098,,0.000513285,0.000202932,0.001938289,0.000752492,,,,
MG,4wk,Pelagic,,0.000854712,0.000722922,0.001137661,0,0.011919436,,0.000326405,0.000574633,0.001375103,0.000855203,,,,
MG,4wk,Pelagic,,0.000914812,0.000667747,0.00073301,0,0.013722052,,0.000155234,0.000302727,0.001469629,0.000664966,,,,
MG,8wk,Benthic,1.69E-05,0.002865858,0,1.11E-05,3.87E-05,0.000350459,0,0.012536939,0.000963775,0.002738992,0.000814745,0.313640399,,,
MG,8wk,Benthic,9.14E-05,0.002967411,0,8.02E-05,2.57E-05,0.00111616,0,0.014633615,0.001157693,0.002404555,0.000776213,0.147763875,,,
MG,8wk,Benthic,4.58E-05,0.00300246,0,0.000122942,2.00E-05,0.001131138,0,0.012580237,0.001999443,0.002533445,0.000812349,0.286610109,,,
MG,8wk,Benthic,3.19E-05,0.001635831,0,4.67E-05,1.70E-05,0.00248734,0,0.012650527,0.00034239,0.004288288,0.000701992,0.128958568,,,
MG,8wk,Benthic,4.66E-05,0.001670894,0,0.000100306,1.59E-05,0.00312696,0,0.012641041,0.000143997,0.0043173,0.000523172,0.148831313,,,
MG,8wk,Benthic,5.67E-05,0.001640812,0,0.000127368,5.33E-06,0.001020789,0,0.013716722,0.000148,0.004177435,0.000661754,0.210885901,,,
MG,8wk,Benthic,3.30E-05,0.002970557,0,8.98E-05,5.25E-06,0.000115114,0,0.004409443,0.001888326,0.003208302,0.00105291,,,,
MG,8wk,Benthic,3.03E-05,0.003117814,0,0.000102177,3.66E-06,0.000102428,0,0.005350564,0.001365742,0.003136766,0.001023766,,,,
MG,8wk,Benthic,5.50E-05,0.003135814,0,0.000120638,3.23E-06,2.70E-05,0,0.004586852,0.001088752,0.003312565,0.000679973,,,,
MG,8wk,Benthic,1.23E-05,0.002924487,0,2.86E-05,0.000173006,0.016915271,0,0.009548232,0.000705376,0.008901249,0.00158977,,,,
MG,8wk,Benthic,6.34E-05,0.003152866,0,0.000125216,0.000143403,0.016729503,0,0.009886533,0.000484681,0.010997054,0.001431337,,,,
MG,8wk,Benthic,4.24E-05,0.00248091,0,0.000187532,0.000146343,0.018723139,0,0.009775366,0.00010412,0.010581967,0.000826648,,,,
MG,8wk,Benthic,2.58E-05,0.002450825,0,8.44E-05,,0.001284301,0,0.004947746,0.00013526,0.007738778,0.001500315,,,,
MG,8wk,Benthic,5.97E-05,0.002418218,0,0.000144427,,0.002529351,0,0.004151333,0.000821889,0.008589432,0.001592535,,,,
MG,8wk,Benthic,3.04E-05,0.002451035,0,0.000202048,,0.001428921,0,0.01251848,0.000596832,0.008539163,0.000573984,,,,
MG,8wk,Benthic,3.55E-05,0.002135995,0,5.32E-05,,,0,0.006643906,,0.00360721,0.000693157,,,,
MG,8wk,Benthic,3.23E-05,0.002299682,0,0.000139536,,,0,0.006624851,,0.003890917,0.000893405,,,,
MG,8wk,Benthic,4.27E-05,0.002383226,0,0.000103627,,,,0.007119376,,0.004044012,,,,,
MG,8wk,Pelagic,9.65E-06,0.001162686,0,5.14E-05,4.59E-05,0.008182329,0,0.010702892,2.50E-05,0.00385802,0.000240511,0.061821655,,,
MG,8wk,Pelagic,2.77E-05,0.001276534,0,5.79E-05,6.55E-05,0.005334925,0,0.011304305,4.71E-06,0.003888913,0.000238401,0.107900586,,,
MG,8wk,Pelagic,3.70E-05,0.001329358,0,4.94E-05,4.98E-05,0.006601923,0,0.01015055,0.000156523,0.003716132,0.000231644,0.133707653,,,
MG,8wk,Pelagic,2.18E-05,0.001225057,0,0.000117795,2.36E-05,9.55E-06,0,0.004668577,6.13E-05,0.001665847,0.0001963,0.143494893,,,
MG,8wk,Pelagic,3.56E-05,0.001230155,0,0.000147794,1.92E-05,1.97E-05,0,0.001772899,0.000166201,0.00174312,0.000132087,0.076666353,,,
MG,8wk,Pelagic,4.04E-05,0.001293779,0,7.46E-05,1.72E-05,9.70E-06,0,0.001933888,5.13E-05,0.00183371,0.000220695,0.042098204,,,
MG,8wk,Pelagic,2.13E-05,0.00159168,0,0.000100428,3.39E-05,0.000993274,0,0.004333266,1.67E-05,0.001474385,0.000264135,,,,
MG,8wk,Pelagic,3.55E-05,0.001738735,0,0.000148126,1.66E-05,0.001683099,0,0.004356615,7.66E-06,0.001772478,0.000167209,,,,
MG,8wk,Pelagic,4.00E-05,0.00174653,0,1.41E-05,1.64E-05,0.001271045,0,0.004925706,2.68E-06,0.001632634,0.000552924,,,,
MG,8wk,Pelagic,1.44E-05,0.002052558,0,2.37E-05,2.50E-06,0.006223609,0,0.008101049,5.19E-06,0.003048699,0.000588427,,,,
MG,8wk,Pelagic,2.45E-05,0.00245879,0,4.06E-05,2.29E-06,0.005708529,0,0.009446287,0.000672094,0.003185464,0.00022973,,,,
MG,8wk,Pelagic,3.68E-05,0.002870808,0,3.13E-05,4.66E-06,0.005214674,0,0.009747149,0.000953944,0.003567347,0.000706937,,,,
MG,8wk,Pelagic,2.39E-05,0.000934122,0,4.46E-05,7.79E-05,,0,0.012316108,0.000129536,0.007125631,0.00070078,,,,
MG,8wk,Pelagic,2.10E-05,0.000764876,0,6.28E-05,2.42E-05,,0,0.013175197,0.000354623,0.007319686,0.000263479,,,,
MG,8wk,Pelagic,2.42E-05,0.001138436,0,1.54E-05,5.06E-05,,0,0.012893428,0.000251031,0.007517313,0.000292788,,,,
MG,8wk,Pelagic,1.45E-05,,0,2.95E-05,,,0,0.007142284,0.000497492,0.005651612,0.000339494,,,,
MG,8wk,Pelagic,1.23E-05,,0,2.87E-05,,,0,0.006691978,,0.006230584,0.000112158,,,,
MG,8wk,Pelagic,1.03E-05,,0,,,,0,0.007658644,,0.005607821,,,,,
TO,1wk,Benthic,0.0000842,0.001465978,0.001961884,0.0000211,0.0000248,0.005910775,4.16E-05,0.002282194,0.001782027,0.000927912,0.000193341,0.249595611,,,
TO,1wk,Benthic,0.0000851,0.001481077,0.002152085,0.000173443,0.0000299,0.006052972,5.34E-05,0.002915511,0.001492746,0.00051937,0.00018792,0.198683243,,,
TO,1wk,Benthic,0.0000997,0.001398806,0.002142371,0.000117938,0.0000326,0.005885153,8.32E-05,0.003249848,0.001729867,0.001022725,0.000182661,0.136329034,,,
TO,1wk,Benthic,0.0000599,0.001145486,0.002489561,0.000429331,0.000075,0.004768333,0.000100249,0.000876185,0.001303664,0.001101931,0.000206649,0.372778738,,,
TO,1wk,Benthic,0.0000441,0.001118958,0.002007262,0.001253972,0.0000983,0.004911604,0.000115104,0.001167001,0.00184401,0.001062388,0.000221495,0.168177968,,,
TO,1wk,Benthic,0.0000509,0.001118402,0.002093409,0.001284603,0.0000979,0.00532856,0.00014116,0.001706392,0.001753212,0.001105498,0.00022113,0.001556173,,,
TO,1wk,Benthic,0.0000503,0.001269209,0.002523174,0.000455615,0.0000863,0.007427767,3.62E-05,0.00073629,0.002002679,0.001397465,0.000190933,,,,
TO,1wk,Benthic,0.0000636,0.001164998,0.001983239,0.000593428,0.0000847,0.008589603,7.32E-05,0.000700884,0.001552703,0.001364884,0.000208146,,,,
TO,1wk,Benthic,0.0000603,0.00129987,0.001878047,0.000822507,0.0000702,0.007460345,8.15E-05,0.001683164,0.001336104,0.001463819,0.00017545,,,,
TO,1wk,Benthic,0.0000398,0.001251573,0.002178693,0.000867269,0.000196026,0.007925483,0.000127953,0.000816727,0.00355188,0.001121441,0.000420161,,,,
TO,1wk,Benthic,0.0000509,0.001161834,0.002310893,0.001256004,0.00018894,0.007507159,0.000156484,0.001166717,0.003578676,0.001091789,0.000419558,,,,
TO,1wk,Benthic,0.0000647,0.001118953,0.002266717,0.001216999,0.000223068,0.007625896,0.000173617,0.001168348,0.002765761,0.001156841,0.000415757,,,,
TO,1wk,Benthic,0.0000389,0.000781126,0.004638205,0.000792342,0.000081,0.010969851,0.000108072,0.000685051,0.002690239,0.002142422,0.000356197,,,,
TO,1wk,Benthic,0.0000441,0.000725186,0.005090084,0.002210806,0.0000804,0.010705749,6.09E-05,0.000807288,0.003232873,0.002123754,0.000353654,,,,
TO,1wk,Benthic,0.0000471,0.000828922,0.004377664,0.00186411,0.0000526,0.010268189,4.12E-05,0.000469786,,0.002065048,0.000354676,,,,
TO,1wk,Benthic,0.0000265,0.000769145,0.002015388,0.001667439,0.0000967,0.007612788,7.74E-05,0.024986321,,0.002252905,4.58E-06,,,,
TO,1wk,Benthic,0.0000457,0.000816586,0.002018514,0.001672732,0.000073,0.007721228,8.86E-05,0.010314248,,0.003775641,4.18E-06,,,,
TO,1wk,Benthic,0.0000612,0.000697607,0.001774919,0.001713073,0.000112758,0.006685344,9.53E-05,0.028629811,,0.003854618,5.89E-06,,,,
TO,1wk,Benthic,0.000044,0.002571838,,1.31E-05,2.02E-05,0.012425739,,,,,,,,,
TO,1wk,Benthic,0.0000339,0.002903504,,0.000010256,2.09E-05,0.015674309,,,,,,,,,
TO,1wk,Benthic,,0.002704944,,7.47E-06,,0.016874396,,,,,,,,,
TO,1wk,Pelagic,0.0000424,0.002520433,0.003621916,0.000940757,0.00012768,0.008776825,4.60E-05,0.001525244,0.001090318,0.000611283,0.000232302,0.269957954,,,
TO,1wk,Pelagic,0.0000274,0.001812669,0.001272853,0.00078746,0.0000903,0.007530712,0.000035698,0.001731695,0.001230317,0.001084924,0.000152726,0.595906259,,,
TO,1wk,Pelagic,0.0000337,0.002246775,0.001263103,0.000724753,0.0000432,0.008759519,4.54E-05,0.000979236,0.00088869,0.000725469,0.000209718,0.334128278,,,
TO,1wk,Pelagic,0.0000684,0.000093,0.000880583,0.001699221,0.00031308,0.005055072,6.37E-05,0.001286769,0.001344715,0.000742711,0.000526158,0.00105646,,,
TO,1wk,Pelagic,0.0000795,0.000173443,0.000349208,0.001733895,0.000348003,0.00509708,5.87E-05,0.001198862,0.001290213,0.000808322,0.00046233,,,,
TO,1wk,Pelagic,0.0000606,0.001209585,0.008647765,0.002128165,0.000210917,0.005159804,3.42E-05,0.000831151,0.000486138,0.000989365,0.000501932,,,,
TO,1wk,Pelagic,0.0000794,0.000934156,0.001682826,0.000855939,0.000225463,0.004542752,8.67E-05,0.000980043,0.000634145,0.003835447,0.000865149,,,,
TO,1wk,Pelagic,0.0000551,0.001035172,0.001853372,0.000700241,0.000262571,0.004173634,5.69E-05,0.000758027,0.001123782,0.003281671,0.00148078,,,,
TO,1wk,Pelagic,0.0000688,0.000656895,0.001533207,0.001318305,0.000129446,0.004609829,4.03E-05,0.019270412,0.001539841,0.003432857,0.001117706,,,,
TO,1wk,Pelagic,0.0000343,0.000771014,0.002754637,0.004513188,0.000821817,0.009367075,0.000123856,0.029927832,,0.002490549,3.33E-06,,,,
TO,1wk,Pelagic,0.0000839,0.000676007,0.002867982,0.007205578,0.000784974,0.009534626,0.000147385,0.03804174,,0.002798357,2.86E-06,,,,
TO,1wk,Pelagic,0.000034,0.000638951,0.002357077,0.005863131,0.000561601,0.010596851,0.000141093,0.121572532,,0.001771839,1.44E-06,,,,
TO,1wk,Pelagic,0.0000495,0.001224095,0.008083641,0.002645927,0.000333843,0.008921555,0.000084572,0.09610031,,0.001049087,,,,,
TO,1wk,Pelagic,0.0000117,0.001005029,0.010220049,0.003270399,0.00032483,0.010049484,0.000119753,0.095040295,,0.001021065,,,,,
TO,1wk,Pelagic,0.0000142,0.000801107,0.008822599,0.003376845,0.000237094,0.011194618,5.79E-05,,,0.002101334,,,,,
TO,1wk,Pelagic,5.41E-06,0.000904325,0.005403416,0.006151112,0.004796517,0.030114703,,,,,,,,,
TO,1wk,Pelagic,2.50E-05,0.00071517,0.005395529,0.006856513,0.006618138,0.031689334,,,,,,,,,
TO,1wk,Pelagic,2.81E-05,0.011894618,0.003658932,0.006359086,0.007307329,0.036788276,,,,,,,,,
TO,1wk,Pelagic,,0.014288164,,0.0138,0.00907,0.022395497,,,,,,,,,
TO,1wk,Pelagic,,0.014412764,,0.0126,0.018415274,0.025159322,,,,,,,,,
TO,1wk,Pelagic,,0.012230164,,0.013,0.008986795,0.023922446,,,,,,,,,
TO,1wk,Pelagic,,0.013271969,,,,,,,,,,,,,
TO,1wk,Pelagic,,0.012162583,,,,,,,,,,,,,
TO,2wk,Benthic,0.000126,0.004721588,0.0000318,0.000922,0.00060798,0.006541989,0,0.003218465,0.000813455,0.00379848,0.00085949,0.221150318,,,
TO,2wk,Benthic,0.000176,0.004705769,0.0000285,0.00169,0.000528781,0.009051548,0,0.003857242,0.001175514,0.003460319,0.000780993,0.080683575,,,
TO,2wk,Benthic,0.000163,0.004663948,2.59E-05,0.00142,0.000563444,0.0095372,0,0.003612675,0.001049421,0.003599698,0.000761262,0.171890177,,,
TO,2wk,Benthic,0.0000189,0.002502483,1.58E-05,0.000323,8.86E-05,4.36E-05,0,0.001455308,0.000559882,0.000863907,0.000110596,0.255626411,,,
TO,2wk,Benthic,0.0000288,0.002156095,5.90E-06,0.000458,0.000124645,0.00010447,0,0.001510632,0.000439153,0.001489437,8.51E-05,1.14E-01,,,
TO,2wk,Benthic,0.0000279,0.002319042,1.89E-05,0.000647,0.000131371,0.000177192,0,0.001435291,0.000454407,0.001571504,8.94E-05,3.46E-01,,,
TO,2wk,Benthic,0.0000248,0.002031316,9.06E-05,0.0000316,0.000425584,0.004813821,0,0.001568496,0.001164339,0.001864302,0.000388032,,,,
TO,2wk,Benthic,0.0000219,0.002010545,0.000230864,0.0000516,0.000343861,0.006111938,0,0.0016392,0.001141284,0.002088579,0.000376284,,,,
TO,2wk,Benthic,0.0000472,0.002004341,0.000283098,0.0000511,0.00036629,0.005723735,0,0.001644613,0.001067894,0.002262018,0.000288113,,,,
TO,2wk,Benthic,0.0000176,0.001065795,0.001000597,0.0000828,0.000540287,0.002023396,0,0.000644485,0.001585894,0.000695701,0.000183955,,,,
TO,2wk,Benthic,0.0000287,0.001056373,0.001172064,0.000130887,0.000574016,0.002511848,0,0.000578191,0.001564522,0.000732978,0.000176092,,,,
TO,2wk,Benthic,0.0000407,0.001143082,0.001291014,0.000118804,0.000563585,0.002843376,0,0.000652434,0.001467745,0.000682666,0.000179009,,,,
TO,2wk,Benthic,0.0000195,0.00189348,0.000376022,4.95E-05,0.000169214,0.004102005,0,0.001396068,0.001325536,0.002178988,0.000263352,,,,
TO,2wk,Benthic,0.00003,0.001938127,0.00021808,6.83E-05,0.000317561,0.005223806,0,0.00128659,0.00119532,0.002129408,0.000239052,,,,
TO,2wk,Benthic,0.0000383,0.001698996,0.000234855,7.67E-05,0.000288399,0.005370557,0,0.001437197,0.000872646,0.002248597,0.000248117,,,,
TO,2wk,Benthic,0.0000227,0.001115969,0.001355156,0.000204226,0.000265804,0.002607323,1.87E-06,0.000999701,0.0005419,0.000770415,0.000260007,,,,
TO,2wk,Benthic,0.0000356,0.001165347,0.001548853,0.000186,0.000268784,0.003092123,1.56E-06,0.000894031,0.000880169,0.000844077,0.000295545,,,,
TO,2wk,Benthic,0.0000392,0.001098614,0.001519855,0.000236,0.00030414,0.003194249,4.36E-07,0.001049848,0.000730369,0.000761086,0.000267405,,,,
TO,2wk,Benthic,0.0000332,0.002443525,,0.000346,0.000271162,0.011442157,,,,,,,,,
TO,2wk,Benthic,0.000076686,0.002711608,,0.00015863,0.000118496,0.015196913,,,,,,,,,
TO,2wk,Benthic,,0.002212654,,0.000318164,,0.01931949,,,,,,,,,
TO,2wk,Pelagic,1.62E-05,0.000972066,0.002114819,4.64E-05,0.000353289,0.001754073,1.53E-05,0.000562256,0.000653727,0.000567865,0.000147993,0.303507789,,,
TO,2wk,Pelagic,0.000035331,0.000912891,0.001874841,6.32E-05,0.000339399,0.001943649,1.44E-05,0.000563607,0.00051493,0.000538358,0.000174384,0.438471469,,,
TO,2wk,Pelagic,1.36E-05,0.001148044,0.001454546,0.000062822,0.000242491,0.001974702,2.97E-06,0.0005511,0.000638049,0.000525554,0.000171326,0.203077873,,,
TO,2wk,Pelagic,0.000120065,0.001139541,0.002469959,0.000371242,0.000219265,0.001452646,7.89E-06,0.000474328,0.000686358,0.00083518,0.000366555,0.025945691,,,
TO,2wk,Pelagic,0.000536,0.001052219,0.002359437,0.000370044,0.000196029,0.002193545,7.16E-06,0.000493954,0.000780623,0.000864422,0.000362522,,,,
TO,2wk,Pelagic,0.000454358,0.001103025,0.001393096,0.000371297,0.000169881,0.002449728,1.76E-06,0.000515886,0.000785794,0.000753928,0.00034465,,,,
TO,2wk,Pelagic,0.000302,0.000691594,0.011650575,0.000297424,0.000515624,0.001539177,1.32E-05,0.000567088,0.000983812,0.000804056,0.000175213,,,,
TO,2wk,Pelagic,0.000169776,0.000738887,0.014906163,0.000296221,0.000728604,0.001952046,4.13E-06,0.000481101,0.001289419,0.000837898,0.000179669,,,,
TO,2wk,Pelagic,0.000949541,0.000757583,0.006765694,0.000333392,0.000155851,0.001909693,4.84E-06,0.000509482,0.001286497,0.000843209,0.000149158,,,,
TO,2wk,Pelagic,4.05E-05,0.000591123,0.000161367,0.000206255,0.000163879,0.000284614,,0.001484411,0.000298115,0.000763425,1.97E-05,,,,
TO,2wk,Pelagic,0.000237003,0.000571149,0.000193257,0.000221384,0.000118167,0.000190938,,0.001586243,0.000107111,0.000759229,1.98E-05,,,,
TO,2wk,Pelagic,5.82E-05,0.000636071,0.000135975,0.000186994,0.000151486,0.000299106,,0.001761052,,0.000850335,,,,,
TO,2wk,Pelagic,0.00014441,0.000952857,,0.000365098,0.00020953,,,0.003610892,,0.000783964,,,,,
TO,2wk,Pelagic,0.00221,0.000933144,,0.000394,0.000234,,,0.00333371,,0.000381054,,,,,
TO,2wk,Pelagic,0.00233,0.000911695,,0.000379,0.000205,,,0.003353106,,0.000505988,,,,,
TO,2wk,Pelagic,0.0000126,0.000292935,,0.000485,0.000727,,,,,,,,,,
TO,2wk,Pelagic,0.0000223,0.000301565,,0.00046,0.001001429,,,,,,,,,,
TO,2wk,Pelagic,0.0000292,0.000255546,,0.000457,0.000282912,,,,,,,,,,
TO,2wk,Pelagic,0.00000165,0.002290709,,0.00399,,,,,,,,,,,
TO,2wk,Pelagic,0.00000352,0.002159689,,0.00395,,,,,,,,,,,
TO,2wk,Pelagic,0.00000353,0.00198518,,0.00299,,,,,,,,,,,
TO,2wk,Pelagic,,0.002849592,,,,,,,,,,,,,
TO,2wk,Pelagic,,0.00242268,,,,,,,,,,,,,
TO,2wk,Pelagic,,0.004446635,,,,,,,,,,,,,
TO,4wk,Benthic,0.0000129,0.000417606,0,5.98E-06,0.0000537,0.001098447,0,0.000329121,0.000173495,0.00046451,8.14E-05,1.67E-01,,,
TO,4wk,Benthic,0.000013,0.000564046,0,0.0000103,0.0000473,0.002106964,0,0.000346435,0.000149504,0.000506515,8.19E-05,1.35E-01,,,
TO,4wk,Benthic,0.0000103,0.000591312,0,0.00000969,0.0000219,0.002758277,0,0.000337765,7.86E-05,0.000501389,8.23E-05,1.06E-01,,,
TO,4wk,Benthic,0.0000159,0.000451109,0,0.0000213,0.000277,0.002054441,0,0.000458392,0.000265161,0.000386703,7.09E-05,1.54E-01,,,
TO,4wk,Benthic,0.0000147,0.000558779,0,0.00003,0.00021,0.001402331,0,0.000455888,0.000162747,0.000527258,5.21E-05,1.80E-01,,,
TO,4wk,Benthic,0.000014,0.000483717,0,0.0000323,0.000214,0.002249453,0,0.000422314,0.000243806,0.000438576,5.34E-05,7.77E-03,,,
TO,4wk,Benthic,0.00000717,0.000369906,0,0.0000103,0.0000942,0.001750823,0,0.000441282,0.000245136,0.000813345,0.000142837,,,,
TO,4wk,Benthic,0.00000888,0.000423046,0,0.000017,7.94E-05,0.003340723,0,0.000447414,0.000296177,0.001304541,8.50E-05,,,,
TO,4wk,Benthic,0.000012,0.000429182,0,0.000026266,0.000106619,0.003445168,0,0.000435581,0.000210011,0.001289361,9.98E-05,,,,
TO,4wk,Benthic,0.0000167,0.00053743,0,0.000313,0.0000605,0.002727234,2.95E-05,0.000282225,8.55E-05,0.000903957,0.000187375,,,,
TO,4wk,Benthic,0.0000154,0.000396912,0,0.000165,6.53E-05,0.002921292,2.73E-05,0.000269261,2.80E-05,0.001218505,0.000160087,,,,
TO,4wk,Benthic,0.0000157,0.000492131,0,0.000517,6.30E-05,0.003857871,4.66E-05,0.000303402,6.35E-05,0.001176143,0.000144098,,,,
TO,4wk,Benthic,0.000015,0.000355743,0,0.0000642,0.0000287,0.001985541,0,0.000161249,9.47E-05,0.000465704,0.000149644,,,,
TO,4wk,Benthic,0.0000086,0.000429973,0,0.0000753,0.0000268,0.003154924,0,0.000165337,2.79E-05,0.000512707,7.36E-05,,,,
TO,4wk,Benthic,0.0000164,0.000413483,0,0.000198,2.32E-05,0.003390089,0,0.000150074,2.92E-05,0.000529204,4.02E-05,,,,
TO,4wk,Benthic,0.0000058,0.000258097,0,0.00000483,0.0000125,,0,0.003876084,5.71E-06,0.001033583,1.55E-05,,,,
TO,4wk,Benthic,0.0000118,0.000251939,0,0.00000981,0.0000107,,0,0.003867811,3.33E-06,0.001988919,8.02E-06,,,,
TO,4wk,Benthic,0.00000844,0.000224996,0,0.00000844,0.0000105,,0,0.003886963,3.75E-06,0.002005027,8.55E-06,,,,
TO,4wk,Benthic,0.0000134,0.001250565,0,0.0000204,0.000023,,0,,,,,,,,
TO,4wk,Benthic,0.0000108,0.001483741,0,0.0000169,0.0000224,,0,,,,,,,,
TO,4wk,Benthic,0.0000241,0.001461246,0,0.000017,,,0,,,,,,,,
TO,4wk,Pelagic,0.0000334,0.001872407,7.97E-06,0.000803,0.000157,0.011109202,0,0.001052938,0.001103182,0.000499697,5.20E-05,8.24E-02,,,
TO,4wk,Pelagic,0.0000174,0.002984782,2.73E-05,0.000893244,0.000138083,0.011038313,0,0.001109033,0.001306259,0.000592952,5.90E-05,8.52E-02,,,
TO,4wk,Pelagic,0.0000317,0.001981716,2.44E-05,0.00084539,8.07E-05,0.000799939,0,0.001261777,0.001300797,0.000660846,2.87E-05,5.11E-02,,,
TO,4wk,Pelagic,0.0000265,0.002034754,6.31E-05,4.78E-05,0.00014496,0.001714666,0,0.000849187,0.001138961,0.000804278,9.85E-05,5.56E-02,,,
TO,4wk,Pelagic,0.0000194,0.002147165,4.05E-05,0.000052048,0.000158848,0.002634317,0,0.000943932,0.000798622,0.000879869,7.96E-05,4.53E-02,,,
TO,4wk,Pelagic,0.0000262,0.002106194,3.74E-05,5.08E-05,7.77E-05,0.001317297,0,0.000918238,0.001004358,0.000810795,3.45E-05,1.78E-02,,,
TO,4wk,Pelagic,0.0000344,0.001794791,3.83E-05,6.43E-05,0.000094196,0.002270105,0,0.00070693,0.000507205,0.000949826,5.99E-05,,,,
TO,4wk,Pelagic,0.0000262,0.001863426,4.01E-05,6.34E-05,0.000131637,0.001875466,0,0.000717177,0.000467904,0.000964473,5.91E-05,,,,
TO,4wk,Pelagic,0.000027,0.001799857,3.69E-05,6.19E-05,0.000055872,0.005444087,0,0.000768929,0.000517051,0.000938543,2.71E-05,,,,
TO,4wk,Pelagic,0.000027,0.001865249,4.27E-05,0.00000669,1.25E-05,0.005297611,0,0.000700766,0.000544032,0.001231543,7.91E-05,,,,
TO,4wk,Pelagic,0.000025,0.001707309,5.21E-05,1.38E-05,1.95E-05,0.004991454,0,0.000693855,0.000191849,0.00134531,0.000101178,,,,
TO,4wk,Pelagic,0.0000277,0.002115894,3.29E-07,0.000014264,2.27E-06,0.006743641,0,0.000743961,0.000172423,0.001344073,3.66E-05,,,,
TO,4wk,Pelagic,0.00000916,0.001441728,1.18E-07,4.08E-05,6.47E-05,0.008238152,0,0.000477125,0.000305711,0.002035891,0.000109109,,,,
TO,4wk,Pelagic,2.64E-05,0.001887722,1.60E-07,5.87E-05,0.000048517,0.007915327,0,0.000466455,0.000822803,0.002205948,8.17E-05,,,,
TO,4wk,Pelagic,4.24E-05,0.001845757,,5.93E-05,8.48E-06,0.001249385,0,0.000453734,,0.002498989,1.87E-05,,,,
TO,4wk,Pelagic,8.32E-06,0.001886772,,0.000438388,0.000166113,0.002032245,0,0.000623488,,0.000872506,1.13E-05,,,,
TO,4wk,Pelagic,0.00000843,0.002042392,,0.000416,0.000173508,0.001286503,0,0.000606164,,0.000796249,,,,,
TO,4wk,Pelagic,0.0000146,0.001923786,,0.000453559,0.000171256,0.005393678,,0.000685042,,0.001000047,,,,,
TO,4wk,Pelagic,0.0000139,0.006682137,,0.000301559,0.000184083,0.005557627,,0.000513686,,0.002131035,,,,,
TO,4wk,Pelagic,0.0000424,0.010701368,,0.000221384,0.000244875,0.00720986,,0.000482859,,0.002184861,,,,,
TO,4wk,Pelagic,0.0000372,0.005068442,,0.000294645,0.000312299,,,0.000487255,,0.002828113,,,,,
TO,8wk,Benthic,0.00000952,0.001376078,0,0.00016342,0.000258155,1.68E-05,0,0.00209416,7.96E-06,0.001531166,9.90E-05,3.12E-02,,,
TO,8wk,Benthic,0.0000441,0.001542635,0,0.000199985,0.000428153,9.15E-05,0,0.002325309,4.01E-06,0.002310289,5.26E-05,3.89E-02,,,
TO,8wk,Benthic,0.0000348,0.001732081,0,0.000147509,0.00045666,0.00019585,0,0.002116146,3.78E-05,0.002112425,1.28E-05,1.08E-02,,,
TO,8wk,Benthic,0.0000295,0.001844079,0,0.000363478,0.001761767,0.000379298,0,0.001755312,1.46E-05,0.001202178,7.35E-05,1.14E-01,,,
TO,8wk,Benthic,0.0000686,0.0019227,0,0.000494208,0.001843058,0.000832011,0,0.001846073,1.79E-05,0.001853859,5.59E-05,1.73E-02,,,
TO,8wk,Benthic,0.0000534,0.001758748,0,0.000137799,0.001603293,0.000971822,0,0.001767601,1.23E-05,0.001820652,4.62E-05,,,,
TO,8wk,Benthic,0.0000364,0.002382636,0,0.000487887,0.000935278,4.19E-05,0,0.002897062,9.13E-06,0.002330328,3.59E-05,,,,
TO,8wk,Benthic,0.0000618,0.002341972,0,0.000482,0.001144294,0.000372961,0,0.003088417,1.20E-05,0.003669177,3.25E-05,,,,
TO,8wk,Benthic,0.0000619,0.001871011,0,0.00006863,0.001295756,0.000146469,0,0.003179391,8.08E-05,0.003161768,2.60E-05,,,,
TO,8wk,Benthic,0.0000346,0.001465429,0,0.000707857,0.001511072,0.00980461,0,0.001861771,6.16E-05,0.000492408,0.000135945,,,,
TO,8wk,Benthic,0.0000428,0.001336745,0,0.000676624,0.001864872,0.009624657,0,0.001781186,4.57E-05,0.002565533,9.13E-05,,,,
TO,8wk,Benthic,0.000042,0.001364061,0,0.0003894,0.001324776,0.010888836,0,0.001837584,2.74E-06,0.002157315,6.43E-05,,,,
TO,8wk,Benthic,0.0000123,0.001182695,0,0.000883875,0.00084851,0.004160792,0,0.001461522,2.16E-06,0.001267869,2.59E-05,,,,
TO,8wk,Benthic,0.000015569,0.001045833,0,0.000174655,0.000456024,0.00403681,0,0.00161232,,0.001715955,2.59E-05,,,,
TO,8wk,Benthic,,0.001143555,0,1.80E-05,0.000492167,0.003159841,0,0.001558041,,0.00161642,2.63E-05,,,,
TO,8wk,Benthic,,0.001105127,0,1.14E-05,2.92E-05,1.29E-06,0,,,,,,,,
TO,8wk,Benthic,,0.000980951,0,1.34E-05,4.51E-05,1.38E-06,0,,,,,,,,
TO,8wk,Benthic,,0.001113438,0,,,1.58E-06,0,,,,,,,,
TO,8wk,Pelagic,4.44E-06,0.002288514,0,9.65E-05,0.000608307,0.000169263,0,0.00285846,4.64E-05,0.002128017,1.80E-05,7.30E-03,,,
TO,8wk,Pelagic,2.60E-05,0.002486796,0,0.000428327,0.000697096,0.000103007,0,0.003039887,4.79E-05,0.002109794,1.30E-05,2.97E-02,,,
TO,8wk,Pelagic,0.000029309,0.002500397,0,0.00045869,0.000642148,6.68E-05,0,0.003044944,1.89E-05,0.002556518,3.79E-05,6.05E-02,,,
TO,8wk,Pelagic,1.17E-05,0.000952923,0,0.000194985,0.001126477,0.000486216,0,0.000818913,2.08E-05,0.0010299,2.62E-05,5.97E-02,,,
TO,8wk,Pelagic,1.35E-05,0.000894292,0,0.000103759,0.00100047,0.00046241,0,0.000796702,0.000131141,0.00115641,8.95E-05,3.58E-02,,,
TO,8wk,Pelagic,1.58E-05,0.000890716,0,0.000281454,0.000982097,6.50E-05,0,0.000903838,0.000154481,0.00105818,7.01E-05,3.45E-02,,,
TO,8wk,Pelagic,1.27E-05,0.000968621,0,0.000207579,0.000410584,5.44E-05,0,0.000655691,3.18E-05,0.001242232,5.66E-05,,,,
TO,8wk,Pelagic,1.76E-05,0.00105797,0,0.00032886,0.000495473,4.87E-05,0,0.000627304,2.20E-05,0.00143319,6.58E-05,,,,
TO,8wk,Pelagic,0.000014458,0.000962895,0,0.000358144,0.000417034,0.001662981,0,0.000666061,1.80E-05,0.00136142,7.11E-05,,,,
TO,8wk,Pelagic,9.27E-06,0.001224012,0,0.00023531,0.000748331,0.001403162,0,0.000657734,1.61E-05,0.001067455,6.79E-05,,,,
TO,8wk,Pelagic,2.22E-05,0.001153102,0,0.000419848,0.000672655,0.001204865,0,0.000723625,5.62E-05,0.000991054,6.74E-05,,,,
TO,8wk,Pelagic,1.34E-05,0.001132363,0,0.000473282,0.000624348,0.001055416,0,0.000672206,5.89E-05,0.001052851,7.60E-05,,,,
TO,8wk,Pelagic,8.19E-06,0.000600589,0,1.72E-06,0.00073394,0.00105991,0,0.000554687,,0.001927272,,,,,
TO,8wk,Pelagic,1.50E-05,0.000575707,0,0.000260901,0.000558297,0.001096487,0,0.000646784,,0.001962592,,,,,
TO,8wk,Pelagic,8.40E-06,0.000673753,0,0.00018977,0.000774155,0.000918175,0,0.00063269,,0.002219904,,,,,
TO,8wk,Pelagic,1.19E-05,0.00035947,0,0.000605232,0.001235739,0.000768559,0,0.000332552,,0.002108935,,,,,
TO,8wk,Pelagic,4.72E-06,0.000280757,0,0.000972989,0.001187326,,0,0.00031334,,0.002049102,,,,,
TO,8wk,Pelagic,7.35E-06,0.000420572,0,0.000842836,0.001213253,,0,0.000401291,,0.002026888,,,,,
LF,1wk,Benthic,2.14E-05,0.002154027,1.21E-06,0.000508135,4.80E-06,0.002417587,,1.51E-03,0.000311632,6.65E-06,0,,,,
LF,1wk,Benthic,8.05E-05,0.00226172,1.19E-05,0.000529853,2.46E-05,0.003389553,,1.61E-03,0.000378258,4.57E-06,0,,,,
LF,1wk,Benthic,4.92E-05,0.002286617,6.85E-06,0.000610545,3.91E-05,0.003455765,,7.67E-04,0.000208638,2.58E-06,0,,,,
LF,1wk,Benthic,7.39E-05,0.002364732,1.21E-05,0.000784796,0.000126579,0.023093809,,7.01E-02,0.021671061,1.38E-05,0,,,,
LF,1wk,Benthic,0.000118884,0.002179136,1.43E-05,0.000447236,0.000109494,0.023836036,,7.85E-02,0.021683974,9.28E-06,0,,,,
LF,1wk,Benthic,7.54E-05,0.002064804,7.87E-06,0.000173719,1.30E-05,0.025669883,,9.47E-02,0.018718268,,0,,,,
LF,1wk,Benthic,5.46E-05,0.001316401,1.72E-05,0.001013235,1.67E-05,0.004898229,,1.52E-03,0.000721265,,,,,,
LF,1wk,Benthic,4.60E-05,0.001980334,2.26E-05,0.000906301,2.28E-05,0.005192757,,1.77E-03,0.000668281,,,,,,
LF,1wk,Benthic,3.29E-05,0.001920086,3.08E-05,0.000883214,1.24E-05,0.005302029,,1.71E-03,0.000466302,,,,,,
LF,1wk,Benthic,3.52E-05,0.001899882,3.02E-07,0.001900574,1.87E-05,0.004221666,,1.79E-03,0.000430113,,,,,,
LF,1wk,Benthic,3.87E-05,0.001702417,7.51E-07,0.00171571,3.38E-05,0.004051004,,1.89E-03,0.000346068,,,,,,
LF,1wk,Benthic,4.22E-05,0.001641236,,0.000834172,7.67E-05,0.004179612,,1.84E-03,0.000349885,,,,,,
LF,1wk,Benthic,4.34E-05,0.001783682,,0.001233795,0.00017434,0.005728827,,,,,,,,,
LF,1wk,Benthic,4.65E-05,0.001724785,,0.001000939,0.000269501,0.006022749,,,,,,,,,
LF,1wk,Benthic,1.05E-05,0.001709815,,0.00089555,1.41E-05,0.006394736,,,,,,,,,
LF,1wk,Benthic,2.36E-05,0.001000188,,0.000198929,6.23E-05,0.003744108,,,,,,,,,
LF,1wk,Benthic,4.63E-05,0.001348974,,0.000160712,6.78E-05,0.005229328,,,,,,,,,
LF,1wk,Benthic,,0.0013968,,7.92E-05,,0.005296226,,,,,,,,,
LF,1wk,Pelagic,1.48E-05,0.002712304,1.23E-06,0.001000145,0.000443829,0.008449011,,0.004634073,0.000190206,9.15E-06,0,,,,
LF,1wk,Pelagic,2.55E-05,0.002664237,1.19E-06,0.000818199,0.000698707,0.008619361,,0.004478583,0.000145714,8.77E-06,0,,,,
LF,1wk,Pelagic,3.40E-05,0.002679172,1.22E-06,0.000733489,0.000609678,0.008471697,,0.004378497,0.000241674,1.05E-05,0,,,,
LF,1wk,Pelagic,1.26E-05,0.001960386,3.05E-06,0.000779201,0.000105254,0.00699507,,0.005042066,0.000227772,1.33E-05,0,,,,
LF,1wk,Pelagic,2.36E-05,0.001830393,3.11E-06,0.000194494,0.000415365,0.007641642,,0.00391779,0.000409391,1.15E-05,0,,,,
LF,1wk,Pelagic,2.36E-05,0.001937774,6.20E-06,0.000470642,0.000282504,0.007306851,,0.004196079,0.0004035,7.57E-06,0,,,,
LF,1wk,Pelagic,3.01E-05,0.001398875,6.63E-06,0.000691814,1.74E-05,0.005258508,,0.002395693,0.006578909,8.19E-06,0,,,,
LF,1wk,Pelagic,2.55E-05,0.001715968,6.75E-06,0.000252084,2.49E-05,0.005085363,,0.002596308,0.003743999,6.65E-06,0,,,,
LF,1wk,Pelagic,2.57E-05,0.001670635,4.42E-05,0.001290205,2.64E-05,0.005526222,,0.00251712,0.00029695,2.63E-07,0,,,,
LF,1wk,Pelagic,2.71E-05,0.003454337,2.76E-05,0.003359737,2.11E-05,0.026345908,,0.012971808,0.000343286,3.35E-06,0,,,,
LF,1wk,Pelagic,9.79E-05,0.003192896,1.91E-05,0.000758408,3.14E-05,0.046414588,,0.01214394,,2.92E-06,0,,,,
LF,1wk,Pelagic,9.98E-05,0.002768459,,0.001740568,1.61E-05,0.042159872,,0.008818567,,,,,,,
LF,1wk,Pelagic,1.14E-05,0.001026847,,0.000919676,,0.009632345,,0.001255595,,,,,,,
LF,1wk,Pelagic,8.37E-06,0.001262596,,0.00034921,,0.012576546,,0.00136258,,,,,,,
LF,1wk,Pelagic,1.93E-05,0.001020293,,0.000828701,,0.0116193,,0.001187813,,,,,,,
LF,1wk,Pelagic,,,,0.0008489,,0.00363536,,,,,,,,,
LF,1wk,Pelagic,,,,0.000340006,,0.00389346,,,,,,,,,
LF,1wk,Pelagic,,,,,,0.004121643,,,,,,,,,
LF,2wk,Benthic,3.46E-06,0.002037355,,0.000418276,3.85E-06,0.002891969,0,0.00104205,8.47E-05,1.14E-06,0,0,,,
LF,2wk,Benthic,1.26E-05,0.002109094,,0.00033114,2.48E-06,0.004281263,0,0.001199735,4.48E-05,5.59E-07,0,0,,,
LF,2wk,Benthic,1.97E-05,0.002272534,,0.000447726,4.02E-06,0.004169338,0,0.001227946,3.65E-05,1.02E-06,0,0,,,
LF,2wk,Benthic,3.14E-06,0.001565872,,0.000138738,3.36E-05,0.002272773,0,0.001128215,1.59E-05,0,0,,,,
LF,2wk,Benthic,1.01E-05,0.001570713,,0.000111129,7.16E-05,0.002588281,0,0.001318511,8.93E-06,0,0,,,,
LF,2wk,Benthic,7.64E-06,0.001572006,,0.000138229,6.30E-05,0.002477342,0,0.001249457,7.97E-06,9.24E-07,0,,,,
LF,2wk,Benthic,8.60E-06,0.001114253,,0.00038879,3.08E-05,0.002591416,0,0.000490507,0.000144651,1.02E-06,0,,,,
LF,2wk,Benthic,1.13E-05,0.001218792,,0.000339564,5.78E-05,0.00272133,0,0.000514412,0.000125102,,0,,,,
LF,2wk,Benthic,1.27E-05,0.001104109,,0.000296904,5.81E-05,0.002756854,0,0.000513347,0.000134178,,0,,,,
LF,2wk,Benthic,6.25E-06,0.001000009,,0.000664138,3.88E-05,0.002285302,0,0.00038238,0.000147587,,0,,,,
LF,2wk,Benthic,1.08E-05,0.001122538,,0.00055568,4.61E-05,0.00263127,0,0.000359206,0.000117984,,0,,,,
LF,2wk,Benthic,9.24E-06,0.001024121,,0.000590275,6.66E-05,0.002703532,,0.000382511,6.01E-05,,0,,,,
LF,2wk,Benthic,3.56E-06,0.000681331,,0.000370971,8.20E-05,0.002054933,,0.000422386,5.06E-05,,0,,,,
LF,2wk,Benthic,6.97E-06,0.000693631,,0.000382704,0.000130219,0.00255237,,0.000399817,3.40E-05,,0,,,,
LF,2wk,Benthic,2.82E-06,0.000719218,,0.000363037,0.00010742,0.002690728,,0.000412308,,,0,,,,
LF,2wk,Pelagic,2.82E-05,0.00113857,,0.001791164,1.75E-06,0.005716009,0,0.00147508,0.000246275,2.09E-06,0,0,,,
LF,2wk,Pelagic,2.41E-05,0.001130758,,0.000905666,4.01E-06,0.006299602,0,0.001435481,0.000180653,9.06E-07,0,0,,,
LF,2wk,Pelagic,3.50E-05,0.001269464,,0.00129486,1.74E-06,0.006066563,0,0.001475625,0.000165281,0,0,0,,,
LF,2wk,Pelagic,5.83E-05,0.001470902,,0.001248832,0.000188956,0.006441268,0,0.001689547,0.000128686,0,0,,,,
LF,2wk,Pelagic,6.81E-05,0.001306603,,0.001134816,0.000393852,0.007325024,0,0.001916564,0.000274891,0,0,,,,
LF,2wk,Pelagic,3.81E-05,0.001330731,,0.001160859,0.000414751,0.007056119,0,0.001893206,0.000152985,0,0,,,,
LF,2wk,Pelagic,7.76E-05,0.001537344,,0.001985592,0.000563277,0.0048771,0,0.001950831,2.36E-05,0,0,,,,
LF,2wk,Pelagic,7.88E-05,0.00150683,,0.001992763,0.00089,0.005199433,0,0.001940955,1.50E-05,0,0,,,,
LF,2wk,Pelagic,0.00011375,0.001439452,,0.001791197,0.000653531,0.005275299,0,0.00211856,0.000411603,1.47E-06,0,,,,
LF,2wk,Pelagic,4.54E-05,0.001867876,,0.000705494,0.000175156,0.005852282,0,0.00347169,0.000267696,1.17E-06,0,,,,
LF,2wk,Pelagic,1.66E-05,0.001746348,,0.000148922,0.000188001,0.00802379,0,0.003692869,,9.15E-07,0,,,,
LF,2wk,Pelagic,3.72E-05,0.001498497,,0.000368865,0.00010319,0.007583795,0,0.00362003,,,0,,,,
LF,2wk,Pelagic,5.50E-05,0.002181479,,0.001099284,0.000258253,0.005859462,0,0.000957162,,,,,,,
LF,2wk,Pelagic,6.44E-05,0.001913773,,0.000716257,0.0001911,0.006910623,0,0.001131024,,,,,,,
LF,2wk,Pelagic,2.20E-05,0.002011928,,0.000705915,1.90E-05,0.007308374,0,0.001078832,,,,,,,
LF,2wk,Pelagic,4.74E-05,0.000899825,,0.003057457,8.38E-06,0.003805316,,,,,,,,,
LF,2wk,Pelagic,,0.000971953,,0.00308311,,0.004157695,,,,,,,,,
LF,2wk,Pelagic,,0.000906884,,0.002992766,,0.003755709,,,,,,,,,
LF,4wk,Benthic,1.34E-05,0.001265029,6.62E-07,0.003420496,0.000141518,0.005396732,1.83E-05,0.001567917,0.000137454,0.000621404,0.000299239,0.525299785,,,
LF,4wk,Benthic,3.11E-05,0.001559394,1.44E-06,0.003669996,0.000225568,0.005532537,1.46E-05,0.003393868,0.000124502,0.000697148,0.000402899,,,,
LF,4wk,Benthic,3.19E-05,0.001360478,1.97E-06,0.002128313,0.00022319,0.005519508,5.52E-06,0.003106746,0.000102826,0.000708025,,,,,
LF,4wk,Benthic,2.57E-05,0.000743121,0.000238441,0.003631129,0.000118144,0.005033766,,0.001582114,0.000565962,,,,,,
LF,4wk,Benthic,2.88E-05,0.000714527,0.000261349,0.003838527,0.000180552,0.002985422,,0.001855827,0.000671909,,,,,,
LF,4wk,Benthic,3.81E-05,0.000752077,0.000305872,0.002015746,0.00020076,0.005701611,,0.001622309,0.000602341,,,,,,
LF,4wk,Pelagic,1.44E-05,0.001298871,3.34E-05,0.000995975,4.66E-05,0.00355548,5.47E-05,0.003304286,0.000235097,4.82E-05,0,0.765303981,,,
LF,4wk,Pelagic,1.94E-05,0.001310054,3.05E-05,0.000918997,3.59E-05,0.006457063,3.82E-05,0.00316248,0.000189145,4.59E-05,0,0,,,
LF,4wk,Pelagic,2.02E-05,0.001184856,3.89E-05,0.000859684,5.86E-05,0.007041112,1.79E-05,0.003181432,0.000473379,3.99E-05,0,0.158325879,,,
LF,4wk,Pelagic,4.11E-05,0.00087551,0.000809445,0.002186784,2.14E-05,0.004885909,3.81E-06,0.001453074,0.000398933,0.000425826,0.000354663,0.004655597,,,
LF,4wk,Pelagic,3.17E-05,0.000905021,0.000902632,0.002273162,5.23E-06,0.005160405,2.68E-06,0.001616929,0.000365143,0.000467483,0.000395632,,,,
LF,4wk,Pelagic,3.83E-05,0.000774098,0.000928657,0.002269291,1.37E-05,0.005254056,7.31E-06,0.001632877,0.000287845,0.000479849,0.000295935,,,,
LF,4wk,Pelagic,1.59E-05,0.001079634,6.55E-05,0.001571211,4.08E-06,0.003865386,4.82E-06,0.001380647,0.000292522,4.85E-06,0,,,,
LF,4wk,Pelagic,2.74E-05,0.001078694,9.16E-05,0.001266572,3.21E-06,0.004568093,1.46E-05,0.001460097,0.00023222,5.33E-06,0,,,,
LF,4wk,Pelagic,2.24E-05,0.000965561,8.05E-05,0.001213029,5.63E-06,0.003988408,1.80E-05,0.001428524,0.000250259,4.10E-06,0,,,,
LF,4wk,Pelagic,1.37E-05,0.000849477,0.000151511,0.001700231,5.35E-06,0.003066259,1.39E-05,0.000982177,0.000163536,0.000194612,2.26E-05,,,,
LF,4wk,Pelagic,1.87E-05,0.000904062,0.000203155,0.0017737,7.85E-06,0.003031093,,0.000815044,0.000393189,0.000188657,3.53E-05,,,,
LF,4wk,Pelagic,1.85E-05,0.000913815,0.000212095,0.001240275,1.09E-05,0.003245716,,0.000998512,0.000501423,0.000168869,2.90E-05,,,,
LF,4wk,Pelagic,2.37E-05,0.000651022,0.000306504,0.002180717,4.08E-05,0.005013489,,0.000920533,0.000326013,9.80E-05,6.69E-07,,,,
LF,4wk,Pelagic,1.83E-05,0.000641363,0.000326509,0.00219773,5.19E-05,0.002737675,,0.000765688,,0.000124838,3.10E-07,,,,
LF,4wk,Pelagic,9.50E-06,0.000708958,0.000338598,0.002246216,3.00E-05,0.005319541,,0.000749386,,0.00012452,,,,,
LF,8wk,Benthic,1.44E-05,0.000776661,7.33E-06,0.001076656,6.39E-05,0.006581719,8.14E-07,0.000957339,8.17E-05,2.52E-06,0,0,,,
LF,8wk,Benthic,2.59E-05,0.000759501,1.09E-05,0.001171221,0.000125207,0.006909197,6.37E-07,0.001003595,7.84E-05,2.34E-06,0,0,,,
LF,8wk,Benthic,2.06E-05,0.000840999,9.14E-06,0.001127304,0.000139659,0.006949126,1.30E-05,0.001006912,9.51E-05,3.36E-06,0,0.109232207,,,
LF,8wk,Benthic,2.26E-05,0.00068404,0.000252582,0.001697692,3.79E-06,0.006562976,7.47E-06,0.000496066,0.000495696,3.47E-05,0,,,,
LF,8wk,Benthic,1.90E-05,0.0006661,0.000257559,0.001922568,2.55E-06,0.006441711,3.11E-06,0.000497421,0.000428374,3.53E-05,0,,,,
LF,8wk,Benthic,1.96E-05,0.000641135,0.000273341,0.001800034,0.00019011,0.006780518,9.71E-06,0.000485954,0.000401679,3.94E-05,0,,,,
LF,8wk,Benthic,3.20E-05,0.000580413,0.000208498,0.001409193,0.000204445,0.002488216,1.21E-05,0.000548646,0.000326653,4.45E-05,1.91E-05,,,,
LF,8wk,Benthic,2.81E-05,0.000598476,0.000222762,0.001581485,0.000192457,0.004055704,3.77E-06,0.000575588,0.000302128,0.000110267,1.55E-05,,,,
LF,8wk,Benthic,2.36E-05,0.000581144,0.000439843,0.001462378,0.000103973,0.004415278,1.71E-05,0.0005423,0.000296492,9.80E-05,2.40E-05,,,,
LF,8wk,Benthic,1.79E-05,0.000725062,0.00070791,0.002293374,0.000104632,0.005464866,2.14E-05,0.000587319,0.000748925,7.13E-05,,,,,
LF,8wk,Benthic,1.75E-05,0.000739732,0.000666179,0.002293698,9.90E-05,0.005875803,6.88E-06,0.000631742,0.000700534,0.000203465,,,,,
LF,8wk,Benthic,2.16E-05,0.000718604,0.000390735,0.002206334,6.46E-06,0.005876123,3.11E-05,0.000672302,0.000666834,0.000173542,,,,,
LF,8wk,Benthic,3.06E-05,0.000698984,0.000444469,0.001211455,5.12E-06,0.006481933,3.24E-05,0.000575719,0.000620166,0.000184723,,,,,
LF,8wk,Benthic,3.16E-05,0.000740188,0.000425015,0.001539266,5.77E-06,0.006912608,,0.000583273,0.000615638,0.000181422,,,,,
LF,8wk,Benthic,3.20E-05,0.000688059,,0.001526873,,0.006826399,,0.000592622,0.000669633,0.000172446,,,,,
LF,8wk,Pelagic,1.42E-05,0.001320017,6.45E-06,0.00032695,4.20E-06,0.004041139,,0.001332446,7.88E-05,3.13E-06,0,0,,,
LF,8wk,Pelagic,1.65E-05,0.001243184,1.28E-05,0.000340505,6.89E-06,0.004181392,,0.001414259,9.12E-05,3.41E-06,0,0.066964454,,,
LF,8wk,Pelagic,2.04E-05,0.001297574,6.21E-06,0.000239768,6.55E-06,0.004189187,,0.001394409,4.22E-05,3.65E-06,0,0.005852573,,,
LF,8wk,Pelagic,3.26E-05,0.000918704,0.000349703,0.00172151,0.000153863,0.002664585,4.44E-06,0.00115694,0.000389934,0.001758116,0.000150964,0.225156653,,,
LF,8wk,Pelagic,3.22E-05,0.000919399,0.000369548,0.00196902,0.000125154,0.002591902,5.44E-06,0.001150641,0.000398339,0.001834717,0.000133655,,,,
LF,8wk,Pelagic,3.16E-05,0.000875517,0.000437878,0.001868093,0.000142462,0.002767778,2.16E-06,0.001183952,0.000225879,0.00202731,8.55E-05,,,,
LF,8wk,Pelagic,1.71E-05,0.001038178,3.53E-05,0.001138202,0.000276521,0.004336722,1.74E-06,0.000792671,0.000190393,0.000193129,9.93E-07,,,,
LF,8wk,Pelagic,2.30E-05,0.001078864,3.71E-05,0.001167108,0.000322408,0.003511507,3.45E-06,0.000907732,0.000220866,0.000187238,8.86E-07,,,,
LF,8wk,Pelagic,1.94E-05,0.001097099,6.83E-05,0.001018227,0.000314988,0.004419899,4.93E-05,0.000948645,0.000125263,0.000203181,1.56E-06,,,,
LF,8wk,Pelagic,1.14E-05,0.001015342,6.92E-06,0.000469494,5.14E-06,0.002570742,2.30E-05,0.000668242,0.000756438,0.001913054,0.000461269,,,,
LF,8wk,Pelagic,1.10E-05,0.000978322,1.77E-05,0.000588065,2.73E-06,0.002659793,2.13E-05,0.000764781,0.000735187,0.001890511,0.000442465,,,,
LF,8wk,Pelagic,1.24E-05,0.000973224,1.30E-05,0.000633422,5.62E-06,0.002630915,,0.000668345,0.000657592,0.002098364,0.000420319,,,,
LF,8wk,Pelagic,1.16E-05,0.000886616,0.000233349,0.001510668,8.97E-05,0.003272872,,,,,,,,,
LF,8wk,Pelagic,2.21E-05,0.000853413,0.000340869,0.001550603,8.67E-05,0.003441234,,,,,,,,,
LF,8wk,Pelagic,2.00E-05,0.000840721,0.000392578,0.001558066,9.19E-05,0.003470409,,,,,,,,,